gene,baseMean,log2FoldChange,lfcSE,stat,pvalue,padj
Cd36,200.856865682858,3.13347833365808,0.373871119902851,5.70645396256458,1.15354088327162e-08,0.0003349998079109
